StartDate,EndDate,Status,IPAddress,Progress,Duration (in seconds),Finished,RecordedDate,ResponseId,RecipientLastName,RecipientFirstName,RecipientEmail,ExternalReference,LocationLatitude,LocationLongitude,DistributionChannel,UserLanguage,Q8,Q16,Q21,Q22,Q13,Q14,Q1,Q2,Q3,Q4,Q5,Q6
Start Date,End Date,Response Type,IP Address,Progress,Duration (in seconds),Finished,Recorded Date,Response ID,Recipient Last Name,Recipient First Name,Recipient Email,External Data Reference,Location Latitude,Location Longitude,Distribution Channel,User Language,Select your section:,Select the TA you wish to evaluate:,Select the TA you wish to evaluate:,Select the TA you wish to evaluate:,Select the TA you wish to evaluate:,Select the TA you wish to evaluate:,The TA was well prepared:,The TA was helpful:,The TA was considerate of students:,The TA was was easily understood:,The TA was  was an effective instructor:,"Please comment below on what [QID18-ChoiceGroup-SelectedChoices][QID23-ChoiceGroup-SelectedChoices][QID24-ChoiceGroup-SelectedChoices][QID15-ChoiceGroup-SelectedChoices][QID16-ChoiceGroup-SelectedChoices] did well and your suggestions for improving the course and the teaching effectiveness of the TA.  At all times please be respectful, specific and constructive in your comments.  (Malicious or otherwise inappropriate comments will be discarded)."
"{""ImportId"":""startDate"",""timeZone"":""America/Denver""}","{""ImportId"":""endDate"",""timeZone"":""America/Denver""}","{""ImportId"":""status""}","{""ImportId"":""ipAddress""}","{""ImportId"":""progress""}","{""ImportId"":""duration""}","{""ImportId"":""finished""}","{""ImportId"":""recordedDate"",""timeZone"":""America/Denver""}","{""ImportId"":""_recordId""}","{""ImportId"":""recipientLastName""}","{""ImportId"":""recipientFirstName""}","{""ImportId"":""recipientEmail""}","{""ImportId"":""externalDataReference""}","{""ImportId"":""locationLatitude""}","{""ImportId"":""locationLongitude""}","{""ImportId"":""distributionChannel""}","{""ImportId"":""userLanguage""}","{""ImportId"":""QID8""}","{""ImportId"":""QID18""}","{""ImportId"":""QID23""}","{""ImportId"":""QID24""}","{""ImportId"":""QID15""}","{""ImportId"":""QID16""}","{""ImportId"":""QID1""}","{""ImportId"":""QID2""}","{""ImportId"":""QID3""}","{""ImportId"":""QID4""}","{""ImportId"":""QID5""}","{""ImportId"":""QID6_TEXT""}"
4/3/2023 15:05,4/3/2023 15:05,IP Address,206.87.221.131,100,46,TRUE,4/3/2023 15:05,R_3habukTKWmZv1RE,,,,,49.4635,-122.822,anonymous,EN,L21 (Monday PM),TA1,,,,,Strongly Agree,Strongly Agree,Strongly Agree,Strongly Agree,Strongly Agree,"fostered a welcoming environment which was nice, especially since i was sick the first day of GI so i was much more lost than everyone else. provided good feedback, although some more detail would definitely be appreciated. also, it’s somewhat hard to reach him online when i have questions, so maybe an email thing or like being more active on piazza would be great"
4/3/2023 15:05,4/3/2023 15:06,IP Address,206.87.128.155,100,69,TRUE,4/3/2023 15:06,R_27EwasQnIkk1ftg,,,,,49.4635,-122.822,anonymous,EN,L21 (Monday PM),TA2,,,,,Agree,Strongly Agree,Strongly Agree,Agree,Agree,"She was really sweet, kind and helpful. She always answered my questions carefully and ensured that I understood before moving on. One of the best TA’s!!"
4/3/2023 15:07,4/3/2023 15:07,IP Address,128.189.196.61,100,19,TRUE,4/3/2023 15:07,R_1mwnEEggkPD3VIv,,,,,49.4635,-122.822,anonymous,EN,L21 (Monday PM),TA1,,,,,Strongly Agree,Strongly Agree,Strongly Agree,Strongly Agree,Strongly Agree,TA1 was very supportive and encouraged us to ask questions! 
4/3/2023 15:08,4/3/2023 15:10,IP Address,128.189.29.203,100,123,TRUE,4/3/2023 15:10,R_22RnczLaX1hSaMB,,,,,49.4635,-122.822,anonymous,EN,L21 (Monday PM),TA2,,,,,Strongly Agree,Agree,Agree,Strongly Agree,Strongly Agree,N/A
4/3/2023 15:10,4/3/2023 15:10,IP Address,72.143.216.25,100,27,TRUE,4/3/2023 15:10,R_29vo0fNEpdEo9r8,,,,,49.1865,-122.8772,anonymous,EN,L21 (Monday PM),TA1,,,,,Stongly Disagree,Strongly Disagree,Strongly Disagree,Strongly Disagree,Strongly Disagree,She was very kind and made us feel relaxed
4/3/2023 15:10,4/3/2023 15:11,IP Address,128.189.25.60,100,62,TRUE,4/3/2023 15:11,R_RWH7gG6oVjFS7Ul,,,,,49.4635,-122.822,anonymous,EN,L21 (Monday PM),TA1,,,,,Strongly Agree,Strongly Agree,Strongly Agree,Strongly Agree,Strongly Agree,"She was very enthusiastic and eager to help in any way she can, one of the best TA's I've ever had. My only improvement would for her to learn the most efficient route to walk to Wreck Beach."
4/3/2023 15:09,4/3/2023 15:11,IP Address,24.244.23.38,100,72,TRUE,4/3/2023 15:11,R_1dyrnHVkpAOms0Y,,,,,49.2789,-123.0882,anonymous,EN,L21 (Monday PM),TA1,,,,,Strongly Agree,Strongly Agree,Strongly Agree,Strongly Agree,Strongly Agree,TA was very open to helping students with problems during labs which made it much easier to learn. He was also very enthusiastic during teaching.
4/3/2023 15:11,4/3/2023 15:12,IP Address,199.119.235.147,100,77,TRUE,4/3/2023 15:12,R_2E4ekorU4LpxQwo,,,,,51.1564,-114.0566,anonymous,EN,L21 (Monday PM),TA2,,,,,Strongly Agree,Strongly Agree,Strongly Agree,Strongly Agree,Strongly Agree,"Loved them. Super supportive, understanding"
4/3/2023 15:10,4/3/2023 15:12,IP Address,128.189.29.203,100,116,TRUE,4/3/2023 15:12,R_1et0MLO2xN2gY7U,,,,,49.4635,-122.822,anonymous,EN,L21 (Monday PM),TA1,,,,,Strongly Agree,Agree,Agree,Strongly Agree,Agree,really helpful when I meet problems in lab
4/3/2023 15:10,4/3/2023 15:12,IP Address,128.189.194.154,100,137,TRUE,4/3/2023 15:12,R_3m9rWT8tgkQ5zKk,,,,,49.4635,-122.822,anonymous,EN,L21 (Monday PM),TA2,,,,,Strongly Agree,Strongly Agree,Strongly Agree,Strongly Agree,Strongly Agree,"he was helpful and ready to answer any questions that i had. he was also able to come up with solutions quickly, such as during the guided inquiry project when everyones tptz formed a precipitate"
4/3/2023 15:06,4/3/2023 15:13,IP Address,24.114.36.202,100,376,TRUE,4/3/2023 15:13,R_xFr7IsnPZi8p3SF,,,,,49.245,-123.1337,anonymous,EN,L21 (Monday PM),TA2,,,,,Agree,Strongly Agree,Strongly Agree,Agree,Agree,"Loved them. Super supportive, understanding"
4/3/2023 15:09,4/3/2023 15:13,IP Address,24.114.36.177,100,228,TRUE,4/3/2023 15:13,R_2ZVoVmVjWNfyobY,,,,,49.245,-123.1337,anonymous,EN,L21 (Monday PM),TA1,,,,,Agree,Strongly Agree,Strongly Agree,Strongly Agree,Strongly Agree,"Loved them. Super supportive, understanding"
4/3/2023 15:10,4/3/2023 15:14,IP Address,209.52.88.225,100,247,TRUE,4/3/2023 15:14,R_x0gI04RRSMK7FWF,,,,,49.2556,-123.062,anonymous,EN,L21 (Monday PM),TA1,,,,,Strongly Agree,Strongly Agree,Strongly Agree,Strongly Agree,Strongly Agree,She was very kind and made us feel relaxed
4/3/2023 15:15,4/3/2023 15:15,IP Address,128.189.71.212,100,39,TRUE,4/3/2023 15:15,R_C8Jj7jx3GwRCtgd,,,,,49.2514,-123.0972,anonymous,EN,L21 (Monday PM),TA2,,,,,Strongly Agree,Strongly Agree,Strongly Agree,Strongly Agree,Strongly Agree,"TA was helpful during the lab whenever a question came up, and the feedback he gave on pre-labs and the draft report were helpful. The feedbacks he gave were ones that I could apply to future reports, so they were very helpful."
4/3/2023 15:12,4/3/2023 15:15,IP Address,128.189.231.230,100,173,TRUE,4/3/2023 15:15,R_e8WrchF1MyczpC1,,,,,49.4635,-122.822,anonymous,EN,L21 (Monday PM),TA2,,,,,Agree,Agree,Agree,Agree,Agree,"Was very considerate and enthusiastic, one of the best TAs I've ever had."
4/4/2023 10:33,4/4/2023 10:34,IP Address,128.189.222.106,100,33,TRUE,4/4/2023 10:34,R_3s4kvo6pRJAHjUG,,,,,49.4635,-122.822,anonymous,EN,L22 (Tuesday AM),,TA3,,,,Strongly Agree,Strongly Agree,Strongly Agree,Strongly Agree,Strongly Agree,"I didn't like them, they were really bad at teaching."
4/4/2023 10:34,4/4/2023 10:35,IP Address,172.58.160.81,100,57,TRUE,4/4/2023 10:35,R_2Yy9shqc85h5nnq,,,,,41.8874,-87.6318,anonymous,EN,L22 (Tuesday AM),,TA4,,,,Agree,Agree,Agree,Agree,Agree,Amazing
4/4/2023 10:36,4/4/2023 10:36,IP Address,206.87.96.219,100,32,TRUE,4/4/2023 10:36,R_1GDCjdoP3uBXB5X,,,,,49.4635,-122.822,anonymous,EN,L22 (Tuesday AM),,TA4,,,,Agree,Agree,Strongly Agree,Neutral,Agree,Amazing
4/4/2023 10:34,4/4/2023 10:36,IP Address,128.189.210.94,100,127,TRUE,4/4/2023 10:36,R_eP9jXlQDnaM4FFf,,,,,49.4635,-122.822,anonymous,EN,L22 (Tuesday AM),,TA4,,,,Strongly Agree,Strongly Agree,Strongly Agree,Strongly Agree,Strongly Agree,not even technically my TA but she did TA for us when my TA was away in the beginning. good attitude and was very welcoming even despite my absence. also provided good advice when i asked her for tips on getting research opportunities in chemistry after class. overall a very nice person
4/4/2023 10:36,4/4/2023 10:37,IP Address,206.87.130.14,100,23,TRUE,4/4/2023 10:37,R_2D8jFRD3cnNj0sK,,,,,49.4635,-122.822,anonymous,EN,L22 (Tuesday AM),,TA4,,,,Strongly Agree,Strongly Agree,Strongly Agree,Strongly Agree,Strongly Agree,Was helpful and gave good feedback!
4/4/2023 10:37,4/4/2023 10:38,IP Address,128.189.71.3,100,32,TRUE,4/4/2023 10:38,R_1F9xe8xpJjShxr2,,,,,49.4635,-122.822,anonymous,EN,L22 (Tuesday AM),,TA2,,,,Strongly Agree,Strongly Agree,Strongly Agree,Strongly Agree,Strongly Agree,really helpful when I meet problems in lab
4/4/2023 10:34,4/4/2023 10:39,IP Address,128.189.197.21,100,264,TRUE,4/4/2023 10:39,R_3CQtOjCh3VfiK6M,,,,,49.2301,-123.0869,anonymous,EN,L22 (Tuesday AM),,TA2,,,,Strongly Agree,Agree,Agree,Agree,Agree,Great TA
4/4/2023 10:36,4/4/2023 10:40,IP Address,128.189.209.62,100,245,TRUE,4/4/2023 10:40,R_2Vl6SO2Sv9ooLZQ,,,,,49.4635,-122.822,anonymous,EN,L22 (Tuesday AM),,TA3,,,,Strongly Agree,Agree,Agree,Strongly Agree,Agree,"he was helpful and ready to answer any questions that i had. he was also able to come up with solutions quickly, such as during the guided inquiry project when everyones tptz formed a precipitate"
4/4/2023 10:39,4/4/2023 10:40,IP Address,128.189.128.248,100,84,TRUE,4/4/2023 10:40,R_3sMmyIQ0MAzUodb,,,,,49.4635,-122.822,anonymous,EN,L22 (Tuesday AM),,TA3,,,,Strongly Agree,Strongly Agree,Strongly Agree,Strongly Agree,Strongly Agree,"I didn't like them, they were really bad at teaching."
4/4/2023 10:37,4/4/2023 10:41,IP Address,128.189.159.116,100,238,TRUE,4/4/2023 10:41,R_1eLTyqu0EBUfoNS,,,,,49.4635,-122.822,anonymous,EN,L22 (Tuesday AM),,TA2,,,,Agree,Strongly Agree,Strongly Agree,Agree,Agree,"Loved them. Super supportive, understanding"
4/4/2023 10:39,4/4/2023 10:41,IP Address,206.87.113.238,100,101,TRUE,4/4/2023 10:41,R_Td74BxJihRZ8Ivv,,,,,49.245,-123.1337,anonymous,EN,L22 (Tuesday AM),,TA2,,,,Agree,Strongly Agree,Strongly Agree,Agree,Strongly Agree,"she is very helpful and patient, and always answer my qiestions. I think she is the best TA I have ever met, she really cares about her students and being supportive all the time. I think i have a great experience in this course, i have no suggestion"
4/4/2023 10:39,4/4/2023 10:41,IP Address,137.82.193.52,100,135,TRUE,4/4/2023 10:41,R_1EbBozoxogLpGY4,,,,,49.3163,-124.3194,anonymous,EN,L22 (Tuesday AM),,TA3,,,,Stongly Disagree,Strongly Disagree,Strongly Disagree,Strongly Disagree,Strongly Disagree,
4/4/2023 10:40,4/4/2023 10:42,IP Address,199.119.235.212,100,91,TRUE,4/4/2023 10:42,R_6Lukv81AVshQsEN,,,,,51.1202,-113.9429,anonymous,EN,L22 (Tuesday AM),,TA5,,,,Strongly Agree,Strongly Agree,Strongly Agree,Strongly Agree,Strongly Agree,TA was very open to helping students with problems during labs which made it much easier to learn. He was also very enthusiastic during teaching.
4/4/2023 10:37,4/4/2023 10:42,IP Address,199.119.235.183,100,277,TRUE,4/4/2023 10:42,R_OHAWQkGHXNY66YN,,,,,51.1202,-113.9429,anonymous,EN,L22 (Tuesday AM),,TA3,,,,Strongly Agree,Strongly Agree,Strongly Agree,Strongly Agree,Strongly Agree,"She was very enthusiastic and eager to help in any way she can, one of the best TA's I've ever had. My only improvement would for her to learn the most efficient route to walk to Wreck Beach."
4/4/2023 10:38,4/4/2023 10:42,IP Address,128.189.86.44,100,231,TRUE,4/4/2023 10:42,R_D6OfUl0DAG8Me09,,,,,49.4635,-122.822,anonymous,EN,L22 (Tuesday AM),,TA4,,,,Strongly Agree,Strongly Agree,Strongly Agree,Strongly Agree,Strongly Agree,Amazing
4/4/2023 10:39,4/4/2023 10:42,IP Address,128.189.226.41,100,190,TRUE,4/4/2023 10:42,R_3qIOU7D4xPtKsmz,,,,,49.4635,-122.822,anonymous,EN,L22 (Tuesday AM),,TA2,,,,Strongly Agree,Agree,Agree,Strongly Agree,Agree,"She was really sweet, kind and helpful. She always answered my questions carefully and ensured that I understood before moving on. One of the best TA’s!!"
4/4/2023 10:41,4/4/2023 10:42,IP Address,206.12.55.234,100,85,TRUE,4/4/2023 10:42,R_eakSYJZD0QhZHI5,,,,,49.251,-123.1623,anonymous,EN,L22 (Tuesday AM),,TA5,,,,Strongly Agree,Strongly Agree,Strongly Agree,Strongly Agree,Strongly Agree,She was very kind and made us feel relaxed
4/4/2023 10:41,4/4/2023 10:43,IP Address,128.189.208.207,100,98,TRUE,4/4/2023 10:43,R_3NIOarNY7ld0sts,,,,,49.4635,-122.822,anonymous,EN,L22 (Tuesday AM),,TA5,,,,Agree,Strongly Agree,Strongly Agree,Agree,Agree,She was very kind and made us feel relaxed
4/4/2023 10:41,4/4/2023 10:43,IP Address,128.189.237.72,100,143,TRUE,4/4/2023 10:43,R_3MfEFs1GJhiIibr,,,,,49.2666,-123.1976,anonymous,EN,L22 (Tuesday AM),,TA5,,,,Agree,Strongly Agree,Strongly Agree,Strongly Agree,Strongly Agree,
4/4/2023 10:42,4/4/2023 10:44,IP Address,206.87.112.85,100,124,TRUE,4/4/2023 10:44,R_3QPjelbz4rOsQFO,,,,,49.4635,-122.822,anonymous,EN,L22 (Tuesday AM),,TA4,,,,Strongly Agree,Strongly Agree,Strongly Agree,Strongly Agree,Agree,She was very kind and made us feel relaxed
4/4/2023 10:42,4/4/2023 10:46,IP Address,128.189.243.16,100,235,TRUE,4/4/2023 10:46,R_a9IjwwAQTgjNZK1,,,,,49.4635,-122.822,anonymous,EN,L22 (Tuesday AM),,TA2,,,,Strongly Agree,Strongly Agree,Strongly Agree,Strongly Agree,Strongly Agree,He was responsive and helpful!
4/4/2023 10:46,4/4/2023 10:46,IP Address,128.189.29.52,100,30,TRUE,4/4/2023 10:46,R_20NHnIEiYKTmqm8,,,,,49.4635,-122.822,anonymous,EN,L22 (Tuesday AM),,TA4,,,,Strongly Agree,Agree,Agree,Agree,Agree,Superb
4/4/2023 10:46,4/4/2023 10:47,IP Address,128.189.147.188,100,66,TRUE,4/4/2023 10:47,R_tKBFW8pRFo85YTD,,,,,49.4635,-122.822,anonymous,EN,L22 (Tuesday AM),,TA5,,,,Agree,Agree,Agree,Agree,Agree,"She was very enthusiastic and eager to help in any way she can, one of the best TA's I've ever had. My only improvement would for her to learn the most efficient route to walk to Wreck Beach."
4/4/2023 10:48,4/4/2023 10:49,IP Address,128.189.158.174,100,55,TRUE,4/4/2023 10:49,R_3gXBw3ZAAgeRXJJ,,,,,49.4635,-122.822,anonymous,EN,L22 (Tuesday AM),,TA3,,,,Strongly Agree,Strongly Agree,Strongly Agree,Strongly Agree,Strongly Agree,"I didn't like them, they were really bad at teaching."
4/4/2023 10:51,4/4/2023 10:51,IP Address,72.143.227.25,100,28,TRUE,4/4/2023 10:52,R_3m2XApfYdAKLwuh,,,,,49.2514,-123.0972,anonymous,EN,L22 (Tuesday AM),,TA5,,,,Strongly Agree,Strongly Agree,Strongly Agree,Strongly Agree,Strongly Agree,I think they could be better
4/4/2023 10:51,4/4/2023 10:52,IP Address,206.12.182.131,100,58,TRUE,4/4/2023 10:52,R_3J8ldPuxlliXy8l,,,,,49.4635,-122.822,anonymous,EN,L22 (Tuesday AM),,TA5,,,,Strongly Agree,Strongly Agree,Strongly Agree,Strongly Agree,Strongly Agree,
4/4/2023 10:50,4/4/2023 10:52,IP Address,128.189.25.51,100,86,TRUE,4/4/2023 10:52,R_1KfIIpJguToekWY,,,,,49.4635,-122.822,anonymous,EN,L22 (Tuesday AM),,TA5,,,,Agree,Strongly Agree,Strongly Agree,Strongly Agree,Strongly Agree,
4/4/2023 10:51,4/4/2023 10:52,IP Address,128.189.252.56,100,61,TRUE,4/4/2023 10:52,R_1JVBBy1vfty8biv,,,,,49.2293,-123.1882,anonymous,EN,L22 (Tuesday AM),,TA2,,,,Agree,Agree,Strongly Agree,Agree,Agree,Great TA
4/4/2023 10:49,4/4/2023 10:54,IP Address,24.244.23.142,100,288,TRUE,4/4/2023 10:54,R_27J36iJ1B43PWq2,,,,,49.1378,-122.8521,anonymous,EN,L22 (Tuesday AM),,TA2,,,,Strongly Agree,Strongly Agree,Strongly Agree,Strongly Agree,Strongly Agree,"She was really sweet, kind and helpful. She always answered my questions carefully and ensured that I understood before moving on. One of the best TA’s!!"
4/4/2023 10:53,4/4/2023 10:56,IP Address,206.87.194.131,100,183,TRUE,4/4/2023 10:56,R_2RP5WkyRXVfDCox,,,,,49.2765,-123.1247,anonymous,EN,L22 (Tuesday AM),,TA2,,,,Agree,Agree,Agree,Agree,Agree,N/A
4/4/2023 10:54,4/4/2023 10:56,IP Address,128.189.31.89,100,107,TRUE,4/4/2023 10:56,R_BVwZNfDr2HOzhYd,,,,,49.4635,-122.822,anonymous,EN,L22 (Tuesday AM),,TA3,,,,Agree,Agree,Strongly Agree,Neutral,Agree,TA was very open to helping students with problems during labs which made it much easier to learn. He was also very enthusiastic during teaching.
4/4/2023 10:57,4/4/2023 10:58,IP Address,206.87.154.180,100,85,TRUE,4/4/2023 10:58,R_28SU9dz9esAA9LX,,,,,49.245,-123.1337,anonymous,EN,L22 (Tuesday AM),,TA3,,,,Strongly Agree,Strongly Agree,Strongly Agree,Strongly Agree,Strongly Agree,not even technically my TA but she did TA for us when my TA was away in the beginning. good attitude and was very welcoming even despite my absence. also provided good advice when i asked her for tips on getting research opportunities in chemistry after class. overall a very nice person
4/4/2023 14:23,4/4/2023 14:28,IP Address,128.189.195.233,100,278,TRUE,4/4/2023 14:28,R_AjJTbxizccMWxjP,,,,,49.2492,-123.1924,anonymous,EN,L22 (Tuesday AM),,TA2,,,,Strongly Agree,Strongly Agree,Strongly Agree,Strongly Agree,Strongly Agree,"She was very enthusiastic and eager to help in any way she can, one of the best TA's I've ever had. My only improvement would for her to learn the most efficient route to walk to Wreck Beach."
4/4/2023 15:07,4/4/2023 15:08,IP Address,128.189.244.73,100,34,TRUE,4/4/2023 15:08,R_3smHaGCyWGwn9cv,,,,,49.2155,-123.1427,anonymous,EN,L23 (Tuesday PM),,,TA3,,,Strongly Agree,Strongly Agree,Strongly Agree,Strongly Agree,Strongly Agree,N/A
4/4/2023 15:09,4/4/2023 15:09,IP Address,206.87.126.232,100,39,TRUE,4/4/2023 15:09,R_2y9gwpQgmiXY8dY,,,,,49.4635,-122.822,anonymous,EN,L23 (Tuesday PM),,,TA4,,,Strongly Agree,Agree,Strongly Agree,Agree,Strongly Agree,Superb
4/4/2023 15:08,4/4/2023 15:10,IP Address,206.87.112.80,100,91,TRUE,4/4/2023 15:10,R_RpZdSGTY3Afx1OV,,,,,49.4635,-122.822,anonymous,EN,L23 (Tuesday PM),,,TA1,,,Agree,Strongly Agree,Agree,Agree,Agree,"she is very helpful and patient, and always answer my qiestions. I think she is the best TA I have ever met, she really cares about her students and being supportive all the time. I think i have a great experience in this course, i have no suggestion"
4/4/2023 15:10,4/4/2023 15:10,IP Address,24.244.23.119,100,23,TRUE,4/4/2023 15:10,R_d5OiWv8xy1XJkNH,,,,,49.2789,-123.0882,anonymous,EN,L23 (Tuesday PM),,,TA1,,,Strongly Agree,Strongly Agree,Agree,Strongly Agree,Strongly Agree,
4/4/2023 15:10,4/4/2023 15:12,IP Address,206.12.143.73,100,84,TRUE,4/4/2023 15:12,R_3svjjPTwrjN3HPr,,,,,49.4635,-122.822,anonymous,EN,L23 (Tuesday PM),,,TA4,,,Strongly Agree,Agree,Strongly Agree,Strongly Agree,Strongly Agree,Super helpful and receptive 
4/4/2023 15:11,4/4/2023 15:12,IP Address,128.189.134.18,100,52,TRUE,4/4/2023 15:12,R_2Sq4Jxeiy3Icaqq,,,,,49.4635,-122.822,anonymous,EN,L23 (Tuesday PM),,,TA4,,,Strongly Agree,Strongly Agree,Strongly Agree,Strongly Agree,Strongly Agree,"she is very helpful and patient, and always answer my qiestions. I think she is the best TA I have ever met, she really cares about her students and being supportive all the time. I think i have a great experience in this course, i have no suggestion"
4/4/2023 15:10,4/4/2023 15:12,IP Address,128.189.67.170,100,96,TRUE,4/4/2023 15:12,R_3k6bgzFDmjyXLWI,,,,,49.4635,-122.822,anonymous,EN,L23 (Tuesday PM),,,TA3,,,Strongly Agree,Agree,Strongly Agree,Strongly Agree,Strongly Agree,I think they could be better
4/4/2023 15:10,4/4/2023 15:12,IP Address,199.119.235.176,100,132,TRUE,4/4/2023 15:12,R_1ovxmWPOt7HzNqv,,,,,49.245,-123.1337,anonymous,EN,L23 (Tuesday PM),,,TA1,,,Strongly Agree,Strongly Agree,Strongly Agree,Strongly Agree,Strongly Agree,"I didn't like them, they were really bad at teaching."
4/4/2023 15:11,4/4/2023 15:13,IP Address,128.189.198.137,100,94,TRUE,4/4/2023 15:13,R_1CqhIM77F5O7F33,,,,,49.4635,-122.822,anonymous,EN,L23 (Tuesday PM),,,TA4,,,Strongly Agree,Strongly Agree,Agree,Agree,Agree,Was helpful and gave good feedback!
4/4/2023 15:12,4/4/2023 15:13,IP Address,206.87.127.114,100,73,TRUE,4/4/2023 15:13,R_XLM9tFsESDVyWD7,,,,,49.4635,-122.822,anonymous,EN,L23 (Tuesday PM),,,TA4,,,Agree,Agree,Strongly Agree,Agree,Strongly Agree,She was very kind and made us feel relaxed
4/4/2023 15:12,4/4/2023 15:14,IP Address,206.12.176.45,100,82,TRUE,4/4/2023 15:14,R_1ih2Up9rxKNuPST,,,,,49.2372,-123.037,anonymous,EN,L23 (Tuesday PM),,,TA1,,,Strongly Agree,Strongly Agree,Strongly Agree,Strongly Agree,Strongly Agree,not even technically my TA but she did TA for us when my TA was away in the beginning. good attitude and was very welcoming even despite my absence. also provided good advice when i asked her for tips on getting research opportunities in chemistry after class. overall a very nice person
4/4/2023 15:13,4/4/2023 15:14,IP Address,128.189.194.134,100,47,TRUE,4/4/2023 15:14,R_2VDVgb2iNQXPHad,,,,,49.4635,-122.822,anonymous,EN,L23 (Tuesday PM),,,TA1,,,Strongly Agree,Strongly Agree,Strongly Agree,Strongly Agree,Strongly Agree,Super helpful and receptive 
4/4/2023 15:11,4/4/2023 15:14,IP Address,24.244.23.119,100,226,TRUE,4/4/2023 15:14,R_3Gx03CxmGUGuWtp,,,,,49.2789,-123.0882,anonymous,EN,L23 (Tuesday PM),,,TA1,,,Strongly Agree,Strongly Agree,Strongly Agree,Strongly Agree,Strongly Agree,Great TA
4/4/2023 15:13,4/4/2023 15:15,IP Address,206.12.47.234,100,77,TRUE,4/4/2023 15:15,R_2AFE3H3k2i1YUjs,,,,,49.4635,-122.822,anonymous,EN,L23 (Tuesday PM),,,TA3,,,Strongly Agree,Strongly Agree,Strongly Agree,Strongly Agree,Strongly Agree,Superb
4/4/2023 15:14,4/4/2023 15:15,IP Address,206.87.135.133,100,101,TRUE,4/4/2023 15:15,R_3k55Lnr0OdhMUe7,,,,,49.4635,-122.822,anonymous,EN,L23 (Tuesday PM),,,TA3,,,Strongly Agree,Strongly Agree,Strongly Agree,Strongly Agree,Strongly Agree,"She was really sweet, kind and helpful. She always answered my questions carefully and ensured that I understood before moving on. One of the best TA’s!!"
4/4/2023 15:15,4/4/2023 15:16,IP Address,206.87.216.138,100,50,TRUE,4/4/2023 15:16,R_9ZyDTLqKtdnCLAJ,,,,,49.4635,-122.822,anonymous,EN,L23 (Tuesday PM),,,TA4,,,Strongly Agree,Agree,Strongly Agree,Agree,Strongly Agree,"she is very helpful and patient, and always answer my qiestions. I think she is the best TA I have ever met, she really cares about her students and being supportive all the time. I think i have a great experience in this course, i have no suggestion"
4/4/2023 15:16,4/4/2023 15:16,IP Address,206.87.127.12,100,47,TRUE,4/4/2023 15:16,R_1gARXrPB3C1rH9x,,,,,49.4635,-122.822,anonymous,EN,L23 (Tuesday PM),,,TA6,,,Agree,Agree,Agree,Agree,Agree,"he was helpful and ready to answer any questions that i had. he was also able to come up with solutions quickly, such as during the guided inquiry project when everyones tptz formed a precipitate"
4/4/2023 15:16,4/4/2023 15:17,IP Address,206.87.112.19,100,44,TRUE,4/4/2023 15:17,R_3eqrAt7jjELlndt,,,,,49.4635,-122.822,anonymous,EN,L23 (Tuesday PM),,,TA1,,,Strongly Agree,Strongly Agree,Strongly Agree,Strongly Agree,Strongly Agree,Amazing
4/4/2023 15:17,4/4/2023 15:18,IP Address,128.189.153.16,100,95,TRUE,4/4/2023 15:18,R_W7jXV7f7DzooJ0J,,,,,49.4635,-122.822,anonymous,EN,L23 (Tuesday PM),,,TA1,,,Strongly Agree,Strongly Agree,Strongly Agree,Strongly Agree,Strongly Agree,I think they could be better
4/4/2023 15:17,4/4/2023 15:19,IP Address,206.12.65.194,100,71,TRUE,4/4/2023 15:19,R_3NE9sNiVWpqG3lD,,,,,49.2666,-123.1976,anonymous,EN,L23 (Tuesday PM),,,TA6,,,Strongly Agree,Strongly Agree,Strongly Agree,Agree,Strongly Agree,"She was very enthusiastic and eager to help in any way she can, one of the best TA's I've ever had. My only improvement would for her to learn the most efficient route to walk to Wreck Beach."
4/4/2023 15:19,4/4/2023 15:19,IP Address,72.143.223.183,100,17,TRUE,4/4/2023 15:19,R_2dGY3pzXNqCa857,,,,,49.245,-123.1337,anonymous,EN,L23 (Tuesday PM),,,TA6,,,Strongly Agree,Strongly Agree,Strongly Agree,Agree,Strongly Agree,
4/4/2023 15:16,4/4/2023 15:19,IP Address,206.87.128.153,100,185,TRUE,4/4/2023 15:19,R_udEhrFBRl8tFFLP,,,,,49.4635,-122.822,anonymous,EN,L23 (Tuesday PM),,,TA3,,,Agree,Agree,Agree,Agree,Agree,"she is very helpful and patient, and always answer my qiestions. I think she is the best TA I have ever met, she really cares about her students and being supportive all the time. I think i have a great experience in this course, i have no suggestion"
4/4/2023 15:19,4/4/2023 15:20,IP Address,206.87.128.77,100,109,TRUE,4/4/2023 15:21,R_2QtTIQMzhObESSx,,,,,49.2666,-123.1976,anonymous,EN,L23 (Tuesday PM),,,TA6,,,Agree,Strongly Agree,Strongly Agree,Strongly Agree,Strongly Agree,
4/4/2023 15:20,4/4/2023 15:21,IP Address,206.12.44.99,100,96,TRUE,4/4/2023 15:21,R_3KHOMtW62L4Lkmr,,,,,49.4635,-122.822,anonymous,EN,L23 (Tuesday PM),,,TA6,,,Agree,Agree,Agree,Agree,Agree,Was helpful and gave good feedback!
4/4/2023 15:21,4/4/2023 15:23,IP Address,72.143.218.86,100,109,TRUE,4/4/2023 15:23,R_3hsVeUhpkZuyu1Q,,,,,49.1865,-122.8772,anonymous,EN,L23 (Tuesday PM),,,TA6,,,,Strongly Agree,Strongly Agree,Strongly Agree,Strongly Agree,"She was very enthusiastic and eager to help in any way she can, one of the best TA's I've ever had. My only improvement would for her to learn the most efficient route to walk to Wreck Beach."
4/4/2023 15:23,4/4/2023 15:23,IP Address,206.12.136.241,100,29,TRUE,4/4/2023 15:24,R_1doWXIp9L3zqkFc,,,,,49.4635,-122.822,anonymous,EN,L23 (Tuesday PM),,,TA6,,,Strongly Agree,Strongly Agree,Strongly Agree,Strongly Agree,Strongly Agree,really helpful when I meet problems in lab
4/4/2023 15:23,4/4/2023 15:24,IP Address,104.28.116.20,100,40,TRUE,4/4/2023 15:24,R_2uPbAtHmQ7RMchz,,,,,49.245,-123.1337,anonymous,EN,L23 (Tuesday PM),,,TA3,,,Strongly Agree,Strongly Agree,Strongly Agree,Agree,Strongly Agree,
4/4/2023 15:23,4/4/2023 15:24,IP Address,128.189.71.4,100,55,TRUE,4/4/2023 15:24,R_D8n5hqPB9L8C7Op,,,,,49.4635,-122.822,anonymous,EN,L23 (Tuesday PM),,,TA6,,,Strongly Agree,Strongly Agree,Strongly Agree,Strongly Agree,Strongly Agree,Superb
4/4/2023 15:25,4/4/2023 15:26,IP Address,206.12.14.81,100,43,TRUE,4/4/2023 15:26,R_qQ02kYOf9dZK9k5,,,,,49.4635,-122.822,anonymous,EN,L23 (Tuesday PM),,,TA3,,,Strongly Agree,Agree,Disagree,Disagree,Disagree,Great TA
4/4/2023 15:34,4/4/2023 15:34,IP Address,206.87.128.77,100,31,TRUE,4/4/2023 15:34,R_1Pbk1CZvMpDOQeT,,,,,49.2666,-123.1976,anonymous,EN,L23 (Tuesday PM),,,TA6,,,Strongly Agree,Strongly Agree,Strongly Agree,Strongly Agree,Strongly Agree,"She was very enthusiastic and eager to help in any way she can, one of the best TA's I've ever had. My only improvement would for her to learn the most efficient route to walk to Wreck Beach."
4/4/2023 16:57,4/4/2023 16:57,IP Address,24.244.23.114,100,15,TRUE,4/4/2023 16:57,R_2Ui3c4JhSDV6EcD,,,,,49.2789,-123.0882,anonymous,EN,L23 (Tuesday PM),,,TA6,,,Strongly Agree,Strongly Agree,Strongly Agree,,Strongly Agree,TA was very open to helping students with problems during labs which made it much easier to learn. He was also very enthusiastic during teaching.
4/4/2023 21:26,4/4/2023 21:40,IP Address,192.111.132.40,100,843,TRUE,4/4/2023 21:40,R_ALoE7YbSd2EvpaF,,,,,49.2825,-123.1291,anonymous,EN,L22 (Tuesday AM),,TA5,,,,Strongly Agree,Strongly Agree,Strongly Agree,Strongly Agree,Strongly Agree,
4/5/2023 11:10,4/5/2023 11:11,IP Address,128.189.249.164,100,48,TRUE,4/5/2023 11:11,R_30uUKPG5i6yPXt1,,,,,49.4635,-122.822,anonymous,EN,L24 (Wednesday AM),,,,TA7,,Agree,Agree,Agree,Agree,Agree,not even technically my TA but she did TA for us when my TA was away in the beginning. good attitude and was very welcoming even despite my absence. also provided good advice when i asked her for tips on getting research opportunities in chemistry after class. overall a very nice person
4/5/2023 11:11,4/5/2023 11:12,IP Address,206.87.153.161,100,56,TRUE,4/5/2023 11:12,R_29ay7dNM1n4p9lB,,,,,49.2359,-123.153,anonymous,EN,L24 (Wednesday AM),,,,TA6,,Strongly Agree,Strongly Agree,Strongly Agree,Strongly Agree,Strongly Agree,Super helpful and receptive 
4/5/2023 11:10,4/5/2023 11:12,IP Address,206.12.143.44,100,109,TRUE,4/5/2023 11:12,R_2xKppilBGhrBhRN,,,,,49.4635,-122.822,anonymous,EN,L24 (Wednesday AM),,,,TA6,,Strongly Agree,Strongly Agree,Strongly Agree,Strongly Agree,Strongly Agree,
4/5/2023 11:04,4/5/2023 11:13,IP Address,128.189.199.163,100,552,TRUE,4/5/2023 11:13,R_9EmAgUgfkDhBIu5,,,,,49.2185,-123.034,anonymous,EN,L24 (Wednesday AM),,,,TA7,,Strongly Agree,Strongly Agree,Strongly Agree,Agree,Strongly Agree,"Loved them. Super supportive, understanding"
4/5/2023 11:11,4/5/2023 11:13,IP Address,128.189.91.90,100,144,TRUE,4/5/2023 11:13,R_YWxZ9fQeav7xH7r,,,,,49.4635,-122.822,anonymous,EN,L24 (Wednesday AM),,,,TA6,,Strongly Agree,Strongly Agree,Strongly Agree,Agree,Strongly Agree,not even technically my TA but she did TA for us when my TA was away in the beginning. good attitude and was very welcoming even despite my absence. also provided good advice when i asked her for tips on getting research opportunities in chemistry after class. overall a very nice person
4/5/2023 11:13,4/5/2023 11:14,IP Address,128.189.87.207,100,56,TRUE,4/5/2023 11:14,R_2Qs7ZELiAuOJEJZ,,,,,49.4635,-122.822,anonymous,EN,L24 (Wednesday AM),,,,TA8,,Agree,Agree,Agree,Agree,Agree,He was responsive and helpful!
4/5/2023 11:14,4/5/2023 11:15,IP Address,206.87.192.130,100,60,TRUE,4/5/2023 11:15,R_eghLEnu9GFEH95v,,,,,49.2492,-123.1924,anonymous,EN,L24 (Wednesday AM),,,,TA8,,Agree,Strongly Agree,Strongly Agree,Strongly Agree,Strongly Agree,"TA was helpful during the lab whenever a question came up, and the feedback he gave on pre-labs and the draft report were helpful. The feedbacks he gave were ones that I could apply to future reports, so they were very helpful."
4/5/2023 11:14,4/5/2023 11:15,IP Address,128.189.246.89,100,64,TRUE,4/5/2023 11:15,R_1ly0Nte2OdLdNT4,,,,,49.2773,-123.0679,anonymous,EN,L24 (Wednesday AM),,,,TA9,,Agree,Agree,Agree,Agree,Agree,She was very kind and made us feel relaxed
4/5/2023 11:14,4/5/2023 11:17,IP Address,128.189.129.80,100,126,TRUE,4/5/2023 11:17,R_3IePH9UgPJdIbEl,,,,,49.245,-123.1337,anonymous,EN,L24 (Wednesday AM),,,,TA6,,Neutral,Agree,,Agree,Agree,N/A
4/5/2023 11:16,4/5/2023 11:17,IP Address,206.12.179.25,100,66,TRUE,4/5/2023 11:17,R_C22SnMN0FGQL9vj,,,,,49.4635,-122.822,anonymous,EN,L24 (Wednesday AM),,,,TA9,,Agree,,Strongly Agree,,Agree,TA was very open to helping students with problems during labs which made it much easier to learn. He was also very enthusiastic during teaching.
4/5/2023 11:14,4/5/2023 11:17,IP Address,128.189.24.112,100,159,TRUE,4/5/2023 11:17,R_1jWhMj0B2Auoo5q,,,,,49.4635,-122.822,anonymous,EN,L24 (Wednesday AM),,,,TA8,,Strongly Agree,Strongly Agree,Strongly Agree,Strongly Agree,Strongly Agree,"fostered a welcoming environment which was nice, especially since i was sick the first day of GI so i was much more lost than everyone else. provided good feedback, although some more detail would definitely be appreciated. also, it’s somewhat hard to reach him online when i have questions, so maybe an email thing or like being more active on piazza would be great"
4/5/2023 11:17,4/5/2023 11:18,IP Address,209.52.88.31,100,64,TRUE,4/5/2023 11:18,R_2fGMTGg6NAvHgaz,,,,,49.2556,-123.062,anonymous,EN,L24 (Wednesday AM),,,,TA8,,Strongly Agree,Strongly Agree,Strongly Agree,Strongly Agree,Strongly Agree,not even technically my TA but she did TA for us when my TA was away in the beginning. good attitude and was very welcoming even despite my absence. also provided good advice when i asked her for tips on getting research opportunities in chemistry after class. overall a very nice person
4/5/2023 11:17,4/5/2023 11:18,IP Address,128.189.233.19,100,74,TRUE,4/5/2023 11:18,R_33CMpWH5BMwxof1,,,,,49.4635,-122.822,anonymous,EN,L24 (Wednesday AM),,,,TA9,,Agree,Strongly Agree,Strongly Agree,Strongly Agree,Agree,"Loved them. Super supportive, understanding"
4/5/2023 11:17,4/5/2023 11:19,IP Address,128.189.84.183,100,121,TRUE,4/5/2023 11:19,R_3G2sve2nIQJq3Oo,,,,,49.4635,-122.822,anonymous,EN,L24 (Wednesday AM),,,,TA9,,Agree,Strongly Agree,Strongly Agree,Strongly Agree,Agree,
4/5/2023 11:20,4/5/2023 11:21,IP Address,128.189.28.27,100,21,TRUE,4/5/2023 11:21,R_vT6icmZt3gIQesx,,,,,49.2574,-123.0319,anonymous,EN,L24 (Wednesday AM),,,,TA9,,Strongly Agree,Strongly Agree,Strongly Agree,Strongly Agree,Strongly Agree,"Was very considerate and enthusiastic, one of the best TAs I've ever had."
4/5/2023 11:20,4/5/2023 11:21,IP Address,206.87.113.68,100,24,TRUE,4/5/2023 11:21,R_plSmJ7IVSN0a97r,,,,,49.4635,-122.822,anonymous,EN,L24 (Wednesday AM),,,,TA7,,Agree,Agree,Agree,Agree,Agree,Great TA
4/5/2023 11:21,4/5/2023 11:21,IP Address,128.189.192.109,100,24,TRUE,4/5/2023 11:21,R_31pCbJhJlpiauys,,,,,49.4635,-122.822,anonymous,EN,L24 (Wednesday AM),,,,TA8,,Strongly Agree,Strongly Disagree,Strongly Agree,Strongly Agree,Strongly Disagree,TA was very open to helping students with problems during labs which made it much easier to learn. He was also very enthusiastic during teaching.
4/5/2023 11:18,4/5/2023 11:21,IP Address,206.87.124.250,100,207,TRUE,4/5/2023 11:21,R_3nUCtNiC7c9YGOw,,,,,49.4635,-122.822,anonymous,EN,L24 (Wednesday AM),,,,TA9,,Strongly Agree,Strongly Agree,Strongly Agree,Strongly Agree,Strongly Agree,"He did well at helping when things were confusing and provided clear instructions on what to do. He was helpful and guided me when I had confusions or questions. One suggestion to improve the course is to provide more instruction for what is expected on the GI prelabs. On the first one there was deduction of points on things not included in the question. I wish there was more context to what was needed in order to obtain full marks. Otherwise, he was a great TA and the lab was engaging and interesting."
4/5/2023 11:21,4/5/2023 11:21,IP Address,128.189.237.231,100,40,TRUE,4/5/2023 11:21,R_1ilLmX05j5sfbSV,,,,,49.2492,-123.1924,anonymous,EN,L24 (Wednesday AM),,,,TA9,,Agree,Agree,Strongly Agree,Agree,Strongly Agree,not even technically my TA but she did TA for us when my TA was away in the beginning. good attitude and was very welcoming even despite my absence. also provided good advice when i asked her for tips on getting research opportunities in chemistry after class. overall a very nice person
4/5/2023 11:21,4/5/2023 11:21,IP Address,72.143.228.25,100,23,TRUE,4/5/2023 11:21,R_3NE6rYUgN7YMDoY,,,,,49.1378,-122.8521,anonymous,EN,L24 (Wednesday AM),,,,TA8,,Strongly Agree,Strongly Agree,Strongly Disagree,Strongly Agree,Strongly Agree,"I didn't like them, they were really bad at teaching."
4/5/2023 11:18,4/5/2023 11:22,IP Address,128.189.25.73,100,198,TRUE,4/5/2023 11:22,R_29hbjfB1rhmK8gn,,,,,49.4635,-122.822,anonymous,EN,L24 (Wednesday AM),,,,TA7,,Agree,Neutral,Agree,Neutral,Agree,Amazing
4/5/2023 11:21,4/5/2023 11:22,IP Address,128.189.152.189,100,60,TRUE,4/5/2023 11:22,R_79WycdxrndiFJuh,,,,,49.4635,-122.822,anonymous,EN,L24 (Wednesday AM),,,,TA6,,Strongly Agree,Strongly Agree,Strongly Agree,Strongly Agree,Strongly Agree,really helpful when I meet problems in lab
4/5/2023 11:21,4/5/2023 11:22,IP Address,128.189.156.163,100,60,TRUE,4/5/2023 11:22,R_Df0rNcEEZLG6CJP,,,,,49.4635,-122.822,anonymous,EN,L24 (Wednesday AM),,,,TA6,,Strongly Agree,Strongly Agree,Strongly Agree,Strongly Agree,Strongly Agree,Superb
4/5/2023 11:21,4/5/2023 11:23,IP Address,206.87.128.160,100,97,TRUE,4/5/2023 11:23,R_svdjAQN3HaaCt6F,,,,,49.4635,-122.822,anonymous,EN,L24 (Wednesday AM),,,,TA8,,Agree,Agree,Strongly Agree,Agree,Agree,"She was really sweet, kind and helpful. She always answered my questions carefully and ensured that I understood before moving on. One of the best TA’s!!"
4/5/2023 11:18,4/5/2023 11:25,IP Address,128.189.238.215,100,401,TRUE,4/5/2023 11:25,R_1DzETbN8huRYOtm,,,,,49.2663,-122.8739,anonymous,EN,L24 (Wednesday AM),,,,TA6,,Strongly Agree,Strongly Agree,Strongly Agree,Strongly Disagree,Strongly Agree,Great TA
4/5/2023 11:20,4/5/2023 11:25,IP Address,209.52.88.172,100,295,TRUE,4/5/2023 11:25,R_6gOKF3Xi6yYGmuR,,,,,49.2556,-123.062,anonymous,EN,L24 (Wednesday AM),,,,TA8,,Strongly Agree,Strongly Disagree,Strongly Agree,Strongly Agree,Strongly Agree,
4/5/2023 11:20,4/5/2023 11:25,IP Address,184.151.230.185,100,338,TRUE,4/5/2023 11:25,R_1pPTsk3Kjez7bXZ,,,,,49.2824,-123.0399,anonymous,EN,L24 (Wednesday AM),,,,TA7,,Strongly Agree,Strongly Agree,Strongly Agree,Strongly Agree,Strongly Agree,Amazing
4/5/2023 11:22,4/5/2023 11:26,IP Address,24.244.23.6,100,225,TRUE,4/5/2023 11:26,R_24dddQzRt3GeF17,,,,,49.245,-123.1337,anonymous,EN,L24 (Wednesday AM),,,,TA7,,Strongly Agree,Strongly Agree,Strongly Agree,Strongly Disagree,Strongly Agree,"Loved them. Super supportive, understanding"
4/5/2023 11:27,4/5/2023 11:27,IP Address,128.189.249.164,100,38,TRUE,4/5/2023 11:27,R_2QYQx6IaU5IW1Rd,,,,,49.4635,-122.822,anonymous,EN,L24 (Wednesday AM),,,,TA7,,Strongly Agree,Strongly Agree,Strongly Agree,Strongly Agree,Strongly Agree,not even technically my TA but she did TA for us when my TA was away in the beginning. good attitude and was very welcoming even despite my absence. also provided good advice when i asked her for tips on getting research opportunities in chemistry after class. overall a very nice person
4/5/2023 11:27,4/5/2023 11:28,IP Address,128.189.233.19,100,52,TRUE,4/5/2023 11:28,R_1eqnUUCb0hXYSvF,,,,,49.4635,-122.822,anonymous,EN,L24 (Wednesday AM),,,,TA9,,Strongly Agree,Agree,Strongly Disagree,Strongly Agree,Strongly Agree,Amazing
4/5/2023 11:27,4/5/2023 11:28,IP Address,128.189.233.45,100,64,TRUE,4/5/2023 11:28,R_3sjhbJe9B8KtM0i,,,,,49.4635,-122.822,anonymous,EN,L24 (Wednesday AM),,,,TA7,,Agree,Strongly Agree,Agree,Neutral,Agree,Super helpful and receptive 
4/5/2023 11:28,4/5/2023 11:28,Spam,206.87.113.68,100,17,TRUE,4/5/2023 11:28,R_Us7NZWIWnsUgS1H,,,,,49.4635,-122.822,anonymous,EN,L24 (Wednesday AM),,,,TA7,,Strongly Agree,Strongly Disagree,Agree,Agree,Agree,He was responsive and helpful!
4/5/2023 11:25,4/5/2023 11:28,IP Address,128.189.226.23,100,205,TRUE,4/5/2023 11:28,R_1QuYP5hOzLqnOwW,,,,,49.4635,-122.822,anonymous,EN,L24 (Wednesday AM),,,,TA6,,Strongly Agree,Strongly Agree,Strongly Agree,Strongly Agree,Strongly Agree,"She was very enthusiastic and eager to help in any way she can, one of the best TA's I've ever had. My only improvement would for her to learn the most efficient route to walk to Wreck Beach."
4/5/2023 11:27,4/5/2023 11:28,IP Address,128.189.84.183,100,85,TRUE,4/5/2023 11:28,R_2Y344ra28SYGEXO,,,,,49.4635,-122.822,anonymous,EN,L24 (Wednesday AM),,,,TA9,,Strongly Agree,Strongly Agree,Strongly Agree,Strongly Agree,Strongly Agree,Superb
4/5/2023 11:23,4/5/2023 11:30,IP Address,206.12.167.65,100,420,TRUE,4/5/2023 11:30,R_2fKgmR55J6ewBvo,,,,,49.2293,-123.1882,anonymous,EN,L24 (Wednesday AM),,,,TA7,,Agree,Agree,Agree,Agree,Agree,N/A
4/5/2023 12:57,4/5/2023 12:58,IP Address,128.189.207.139,100,73,TRUE,4/5/2023 12:58,R_1pT1XxbCmgI0szu,,,,,49.4635,-122.822,anonymous,EN,L24 (Wednesday AM),,,,TA9,,Strongly Agree,Strongly Agree,Strongly Agree,Strongly Agree,Strongly Agree,"Was very considerate and enthusiastic, one of the best TAs I've ever had."
4/5/2023 15:07,4/5/2023 15:07,IP Address,128.189.233.162,100,19,TRUE,4/5/2023 15:07,R_24IyAYjjzuXyMXC,,,,,49.4635,-122.822,anonymous,EN,L15 (Wednesday PM),,,,,TA7,Strongly Agree,Strongly Disagree,Strongly Agree,Strongly Agree,Strongly Agree,He was responsive and helpful!
4/5/2023 15:07,4/5/2023 15:09,IP Address,24.244.23.198,100,72,TRUE,4/5/2023 15:09,R_bqP4btMiO1O3FHb,,,,,49.2246,-123.0711,anonymous,EN,L15 (Wednesday PM),,,,,TA9,Strongly Agree,Strongly Agree,Strongly Agree,Strongly Agree,Strongly Agree,Super helpful and receptive 
4/5/2023 15:08,4/5/2023 15:09,IP Address,206.12.161.0,100,110,TRUE,4/5/2023 15:09,R_3xSaFiK3TUD7DLb,,,,,49.4635,-122.822,anonymous,EN,L15 (Wednesday PM),,,,,TA7,Strongly Agree,Strongly Agree,Strongly Agree,Strongly Agree,Strongly Disagree,Was helpful and gave good feedback!
4/5/2023 15:08,4/5/2023 15:10,IP Address,72.143.233.193,100,87,TRUE,4/5/2023 15:10,R_wLZgQyYK0XF2XLj,,,,,49.2155,-123.1427,anonymous,EN,L15 (Wednesday PM),,,,,TA7,Strongly Agree,Strongly Agree,Strongly Agree,Strongly Agree,Strongly Agree,Super helpful and receptive 
4/5/2023 15:10,4/5/2023 15:11,IP Address,206.87.236.236,100,56,TRUE,4/5/2023 15:11,R_33qiDAadvAbgD7i,,,,,49.4635,-122.822,anonymous,EN,L15 (Wednesday PM),,,,,TA9,Agree,Strongly Agree,Agree,Neutral,Agree,"He did well at helping when things were confusing and provided clear instructions on what to do. He was helpful and guided me when I had confusions or questions. One suggestion to improve the course is to provide more instruction for what is expected on the GI prelabs. On the first one there was deduction of points on things not included in the question. I wish there was more context to what was needed in order to obtain full marks. Otherwise, he was a great TA and the lab was engaging and interesting."
4/5/2023 15:10,4/5/2023 15:11,IP Address,206.12.142.79,100,76,TRUE,4/5/2023 15:11,R_3KQ6UJuu9XGFdWP,,,,,49.4635,-122.822,anonymous,EN,L15 (Wednesday PM),,,,,TA9,Strongly Agree,Strongly Disagree,Agree,Agree,Agree,"fostered a welcoming environment which was nice, especially since i was sick the first day of GI so i was much more lost than everyone else. provided good feedback, although some more detail would definitely be appreciated. also, it’s somewhat hard to reach him online when i have questions, so maybe an email thing or like being more active on piazza would be great"
4/5/2023 15:09,4/5/2023 15:11,IP Address,24.244.23.169,100,120,TRUE,4/5/2023 15:11,R_1P1tBi5W24WVUve,,,,,49.2372,-123.037,anonymous,EN,L15 (Wednesday PM),,,,,TA10,Strongly Agree,Strongly Agree,Strongly Agree,Strongly Agree,Strongly Agree,really helpful when I meet problems in lab
4/5/2023 15:11,4/5/2023 15:12,IP Address,128.189.244.170,100,60,TRUE,4/5/2023 15:12,R_22xLoed1NgaqQgF,,,,,49.4635,-122.822,anonymous,EN,L15 (Wednesday PM),,,,,TA10,Strongly Agree,Strongly Agree,Strongly Agree,Strongly Agree,Strongly Agree,not even technically my TA but she did TA for us when my TA was away in the beginning. good attitude and was very welcoming even despite my absence. also provided good advice when i asked her for tips on getting research opportunities in chemistry after class. overall a very nice person
4/5/2023 15:10,4/5/2023 15:12,IP Address,128.189.234.47,100,148,TRUE,4/5/2023 15:12,R_1QEZ4rcsZdZCSIZ,,,,,49.4635,-122.822,anonymous,EN,L15 (Wednesday PM),,,,,TA9,Agree,Agree,Agree,Agree,Agree,"He did well at helping when things were confusing and provided clear instructions on what to do. He was helpful and guided me when I had confusions or questions. One suggestion to improve the course is to provide more instruction for what is expected on the GI prelabs. On the first one there was deduction of points on things not included in the question. I wish there was more context to what was needed in order to obtain full marks. Otherwise, he was a great TA and the lab was engaging and interesting."
4/5/2023 15:11,4/5/2023 15:12,IP Address,128.189.210.51,100,72,TRUE,4/5/2023 15:12,R_2y7KjuYmL6RbV7t,,,,,49.4635,-122.822,anonymous,EN,L15 (Wednesday PM),,,,,TA10,Strongly Agree,Strongly Agree,Strongly Agree,Strongly Agree,Strongly Agree,"She was very enthusiastic and eager to help in any way she can, one of the best TA's I've ever had. My only improvement would for her to learn the most efficient route to walk to Wreck Beach."
4/5/2023 15:11,4/5/2023 15:12,IP Address,206.87.210.69,100,61,TRUE,4/5/2023 15:12,R_3Gm0v0UHcBwuyLQ,,,,,49.4635,-122.822,anonymous,EN,L15 (Wednesday PM),,,,,TA7,Strongly Agree,Strongly Disagree,Strongly Agree,Strongly Agree,Strongly Agree,"She was really sweet, kind and helpful. She always answered my questions carefully and ensured that I understood before moving on. One of the best TA’s!!"
4/5/2023 15:12,4/5/2023 15:14,IP Address,206.12.45.109,100,109,TRUE,4/5/2023 15:14,R_25NlXPtvXnuvObX,,,,,49.4635,-122.822,anonymous,EN,L15 (Wednesday PM),,,,,TA7,Strongly Agree,Strongly Agree,Strongly Agree,Strongly Agree,Strongly Agree,"She was very enthusiastic and eager to help in any way she can, one of the best TA's I've ever had. My only improvement would for her to learn the most efficient route to walk to Wreck Beach."
4/5/2023 15:13,4/5/2023 15:14,IP Address,128.189.247.22,100,74,TRUE,4/5/2023 15:14,R_CaAV3mtS1sh0bap,,,,,49.4635,-122.822,anonymous,EN,L15 (Wednesday PM),,,,,TA8,Strongly Agree,Strongly Agree,Strongly Agree,Strongly Agree,Strongly Disagree,really helpful when I meet problems in lab
4/5/2023 15:13,4/5/2023 15:14,IP Address,206.12.142.198,100,35,TRUE,4/5/2023 15:14,R_1hB9ZAjNlhwhFbs,,,,,49.2824,-123.0399,anonymous,EN,L15 (Wednesday PM),,,,,TA7,Agree,Agree,Agree,Agree,Agree,Was helpful and gave good feedback!
4/5/2023 15:13,4/5/2023 15:14,IP Address,128.189.221.35,100,31,TRUE,4/5/2023 15:14,R_1FQHe4K0GweG24n,,,,,49.2584,-123.1456,anonymous,EN,L15 (Wednesday PM),,,,,TA8,Strongly Agree,Strongly Agree,Strongly Agree,Strongly Agree,Strongly Agree,N/A
4/5/2023 15:11,4/5/2023 15:15,IP Address,128.189.30.111,100,234,TRUE,4/5/2023 15:15,R_vqq2o7GNEdF6QXD,,,,,49.2574,-123.0319,anonymous,EN,L15 (Wednesday PM),,,,,TA8,Agree,Strongly Agree,Agree,Neutral,Agree,"he was helpful and ready to answer any questions that i had. he was also able to come up with solutions quickly, such as during the guided inquiry project when everyones tptz formed a precipitate"
4/5/2023 15:13,4/5/2023 15:15,IP Address,206.12.178.188,100,127,TRUE,4/5/2023 15:15,R_2VKey5WCT4dGuKK,,,,,49.4635,-122.822,anonymous,EN,L22 (Tuesday AM),,TA4,,,,Strongly Agree,Strongly Disagree,Agree,Agree,Agree,"He did well at helping when things were confusing and provided clear instructions on what to do. He was helpful and guided me when I had confusions or questions. One suggestion to improve the course is to provide more instruction for what is expected on the GI prelabs. On the first one there was deduction of points on things not included in the question. I wish there was more context to what was needed in order to obtain full marks. Otherwise, he was a great TA and the lab was engaging and interesting."
4/5/2023 15:14,4/5/2023 15:15,IP Address,206.87.211.254,100,63,TRUE,4/5/2023 15:15,R_1eQuH4iKIEwMIy5,,,,,49.4635,-122.822,anonymous,EN,L22 (Tuesday AM),,TA5,,,,Strongly Agree,Strongly Agree,Strongly Agree,Strongly Agree,Strongly Agree,"He did well at helping when things were confusing and provided clear instructions on what to do. He was helpful and guided me when I had confusions or questions. One suggestion to improve the course is to provide more instruction for what is expected on the GI prelabs. On the first one there was deduction of points on things not included in the question. I wish there was more context to what was needed in order to obtain full marks. Otherwise, he was a great TA and the lab was engaging and interesting."
4/5/2023 15:14,4/5/2023 15:15,IP Address,206.87.213.161,100,49,TRUE,4/5/2023 15:15,R_2VmeRIMYMCcPlyL,,,,,49.4635,-122.822,anonymous,EN,L15 (Wednesday PM),,,,,TA9,Strongly Agree,Strongly Agree,Strongly Agree,Strongly Agree,Strongly Agree,really helpful when I meet problems in lab
4/5/2023 15:15,4/5/2023 15:15,IP Address,128.189.212.165,100,47,TRUE,4/5/2023 15:15,R_1JRui1mcNdjNYOd,,,,,49.4635,-122.822,anonymous,EN,L15 (Wednesday PM),,,,,TA8,Agree,Agree,Agree,Agree,Agree,"TA was helpful during the lab whenever a question came up, and the feedback he gave on pre-labs and the draft report were helpful. The feedbacks he gave were ones that I could apply to future reports, so they were very helpful."
4/5/2023 15:13,4/5/2023 15:16,IP Address,206.87.124.188,100,139,TRUE,4/5/2023 15:16,R_vDdp8FyRCtbyBsB,,,,,49.4635,-122.822,anonymous,EN,L15 (Wednesday PM),,,,,TA9,Strongly Agree,Strongly Agree,Strongly Agree,Strongly Agree,Strongly Agree,not even technically my TA but she did TA for us when my TA was away in the beginning. good attitude and was very welcoming even despite my absence. also provided good advice when i asked her for tips on getting research opportunities in chemistry after class. overall a very nice person
4/5/2023 15:15,4/5/2023 15:16,IP Address,72.143.238.8,100,61,TRUE,4/5/2023 15:16,R_2tJquGD7GD7Tscg,,,,,49.245,-123.1337,anonymous,EN,L15 (Wednesday PM),,,,,TA7,Strongly Agree,Strongly Disagree,Strongly Agree,Strongly Agree,Strongly Agree,N/A
4/5/2023 15:14,4/5/2023 15:16,IP Address,206.87.211.152,100,71,TRUE,4/5/2023 15:16,R_2tA0rN75FKF6cNj,,,,,49.4635,-122.822,anonymous,EN,L15 (Wednesday PM),,,,,TA7,Strongly Agree,Strongly Agree,Strongly Agree,Strongly Agree,Strongly Agree,Was helpful and gave good feedback!
4/5/2023 15:15,4/5/2023 15:16,IP Address,206.87.236.47,100,81,TRUE,4/5/2023 15:16,R_324MRZDtnOvyDA3,,,,,49.4635,-122.822,anonymous,EN,L15 (Wednesday PM),,,,,TA10,Strongly Agree,Strongly Agree,Strongly Agree,Strongly Agree,Strongly Disagree,Super helpful and receptive 
4/5/2023 15:15,4/5/2023 15:17,IP Address,184.151.230.10,100,77,TRUE,4/5/2023 15:17,R_3EYGiFOXLx929IC,,,,,49.2824,-123.0399,anonymous,EN,L15 (Wednesday PM),,,,,TA9,Agree,Strongly Agree,Agree,Neutral,Agree,Great TA
4/5/2023 15:16,4/5/2023 15:17,IP Address,72.143.239.10,100,57,TRUE,4/5/2023 15:17,R_2qCddOkv21RTB4Y,,,,,49.2556,-123.062,anonymous,EN,L15 (Wednesday PM),,,,,TA8,Strongly Agree,Strongly Disagree,Agree,Agree,Agree,"She was very enthusiastic and eager to help in any way she can, one of the best TA's I've ever had. My only improvement would for her to learn the most efficient route to walk to Wreck Beach."
4/5/2023 15:16,4/5/2023 15:18,IP Address,206.87.124.103,100,94,TRUE,4/5/2023 15:18,R_2Uiv6k6Uojh3yHW,,,,,49.4635,-122.822,anonymous,EN,L15 (Wednesday PM),,,,,TA9,Strongly Agree,Strongly Agree,Strongly Agree,Strongly Agree,Strongly Agree,"She was very enthusiastic and eager to help in any way she can, one of the best TA's I've ever had. My only improvement would for her to learn the most efficient route to walk to Wreck Beach."
4/5/2023 15:10,4/5/2023 15:18,IP Address,137.82.193.103,100,488,TRUE,4/5/2023 15:18,R_3mlgjCZ3c7vNZyN,,,,,49.3163,-124.3194,anonymous,EN,L15 (Wednesday PM),,,,,TA9,Strongly Agree,Strongly Agree,Strongly Agree,Strongly Agree,Strongly Agree,really helpful when I meet problems in lab
4/5/2023 15:18,4/5/2023 15:18,IP Address,206.12.181.70,100,36,TRUE,4/5/2023 15:18,R_1dGZPAyRqIPgQwZ,,,,,49.4635,-122.822,anonymous,EN,L15 (Wednesday PM),,,,,TA9,Agree,Agree,Agree,Agree,Agree,Super helpful and receptive 
4/5/2023 15:09,4/5/2023 15:18,IP Address,137.82.193.171,100,546,TRUE,4/5/2023 15:18,R_2ttDE31IhKgQ8GZ,,,,,49.3163,-124.3194,anonymous,EN,L15 (Wednesday PM),,,,,TA8,Strongly Agree,Strongly Agree,Strongly Agree,Strongly Agree,Strongly Agree,"TA was helpful during the lab whenever a question came up, and the feedback he gave on pre-labs and the draft report were helpful. The feedbacks he gave were ones that I could apply to future reports, so they were very helpful."
4/5/2023 15:17,4/5/2023 15:19,IP Address,206.87.126.246,100,118,TRUE,4/5/2023 15:19,R_3syIo4qXHhFothN,,,,,49.4635,-122.822,anonymous,EN,L15 (Wednesday PM),,,,,TA10,Strongly Agree,Strongly Disagree,Strongly Agree,Strongly Agree,Strongly Agree,"he was helpful and ready to answer any questions that i had. he was also able to come up with solutions quickly, such as during the guided inquiry project when everyones tptz formed a precipitate"
4/5/2023 15:16,4/5/2023 15:19,IP Address,206.87.234.79,100,136,TRUE,4/5/2023 15:19,R_ymCNddmu20jbbZT,,,,,49.4635,-122.822,anonymous,EN,L15 (Wednesday PM),,,,,TA10,Agree,Strongly Agree,Agree,Neutral,Agree,"Was very considerate and enthusiastic, one of the best TAs I've ever had."
4/5/2023 15:20,4/5/2023 15:20,IP Address,206.12.14.81,100,15,TRUE,4/5/2023 15:20,R_tXMPtD2LsRqmr9n,,,,,49.4635,-122.822,anonymous,EN,L15 (Wednesday PM),,,,,TA7,Strongly Agree,Strongly Disagree,Agree,Agree,Agree,TA was very open to helping students with problems during labs which made it much easier to learn. He was also very enthusiastic during teaching.
4/5/2023 15:19,4/5/2023 15:21,IP Address,128.189.25.68,100,99,TRUE,4/5/2023 15:21,R_2q2kxHdZ2vgfhZP,,,,,49.4635,-122.822,anonymous,EN,L15 (Wednesday PM),,,,,TA9,Strongly Agree,Strongly Agree,Strongly Agree,Strongly Agree,Strongly Agree,really helpful when I meet problems in lab
4/5/2023 15:20,4/5/2023 15:21,IP Address,128.189.138.209,100,25,TRUE,4/5/2023 15:21,R_3L4IQyNY8UXVqNX,,,,,49.4635,-122.822,anonymous,EN,L15 (Wednesday PM),,,,,TA8,Strongly Agree,Strongly Agree,Strongly Agree,Strongly Agree,Strongly Agree,"Loved them. Super supportive, understanding"
4/5/2023 15:20,4/5/2023 15:22,IP Address,137.82.193.88,100,80,TRUE,4/5/2023 15:22,R_21cZgN9eF6pU8Ti,,,,,49.3163,-124.3194,anonymous,EN,L15 (Wednesday PM),,,,,TA8,Agree,Agree,Agree,Agree,Agree,"he was helpful and ready to answer any questions that i had. he was also able to come up with solutions quickly, such as during the guided inquiry project when everyones tptz formed a precipitate"
4/5/2023 15:20,4/5/2023 15:25,IP Address,206.12.44.179,100,298,TRUE,4/5/2023 15:25,R_2wvFyqsuxiLaHJL,,,,,49.4635,-122.822,anonymous,EN,L15 (Wednesday PM),,,,,TA7,Strongly Agree,Strongly Agree,Strongly Agree,Strongly Agree,Strongly Agree,"TA was helpful during the lab whenever a question came up, and the feedback he gave on pre-labs and the draft report were helpful. The feedbacks he gave were ones that I could apply to future reports, so they were very helpful."
4/5/2023 15:28,4/5/2023 15:29,IP Address,128.189.249.41,100,39,TRUE,4/5/2023 15:29,R_279DpSe4JFgk5Q3,,,,,49.4635,-122.822,anonymous,EN,L15 (Wednesday PM),,,,,TA10,Strongly Agree,Strongly Disagree,Strongly Agree,Strongly Agree,Strongly Agree,"TA was helpful during the lab whenever a question came up, and the feedback he gave on pre-labs and the draft report were helpful. The feedbacks he gave were ones that I could apply to future reports, so they were very helpful."
4/5/2023 15:58,4/5/2023 15:59,IP Address,72.143.222.184,100,93,TRUE,4/5/2023 15:59,R_211wgdf5MqEsOKF,,,,,49.245,-123.1337,anonymous,EN,L24 (Wednesday AM),,,,TA7,,Strongly Agree,Strongly Agree,Strongly Agree,Strongly Agree,Strongly Agree,"She was really sweet, kind and helpful. She always answered my questions carefully and ensured that I understood before moving on. One of the best TA’s!!"
4/7/2023 15:03,4/7/2023 15:03,IP Address,128.189.128.85,100,23,TRUE,4/7/2023 15:03,R_1ogR1eMRhB0wVKf,,,,,49.3656,-122.9973,anonymous,EN,L21 (Monday PM),TA1,,,,,,,,,,"She was really sweet, kind and helpful. She always answered my questions carefully and ensured that I understood before moving on. One of the best TA’s!!"
4/2/2023 15:35,4/2/2023 15:36,IP Address,162.156.10.47,53,34,FALSE,4/9/2023 15:36,R_3hrwUdC5LvBykxV,,,,,,,anonymous,EN,L21 (Monday PM),TA1,,,,,,,,,,"She was very enthusiastic and eager to help in any way she can, one of the best TA's I've ever had. My only improvement would for her to learn the most efficient route to walk to Wreck Beach."
4/3/2023 15:00,4/3/2023 15:00,IP Address,206.12.14.179,20,8,FALSE,4/10/2023 15:00,R_Y69IAhpJMEUJW01,,,,,,,anonymous,EN,L21 (Monday PM),,,,,,,,,,,TA was very open to helping students with problems during labs which made it much easier to learn. He was also very enthusiastic during teaching.
4/3/2023 17:15,4/3/2023 17:15,IP Address,128.189.154.6,20,19,FALSE,4/10/2023 17:15,R_2sbYqF7orkCDjNO,,,,,,,anonymous,EN,L15 (Wednesday PM),,,,,,,,,,,"fostered a welcoming environment which was nice, especially since i was sick the first day of GI so i was much more lost than everyone else. provided good feedback, although some more detail would definitely be appreciated. also, it’s somewhat hard to reach him online when i have questions, so maybe an email thing or like being more active on piazza would be great"
4/4/2023 15:14,4/4/2023 15:14,IP Address,206.12.143.73,20,4,FALSE,4/11/2023 15:14,R_1JWqelISJcgOnt0,,,,,,,anonymous,EN,L23 (Tuesday PM),,,,,,,,,,,"He did well at helping when things were confusing and provided clear instructions on what to do. He was helpful and guided me when I had confusions or questions. One suggestion to improve the course is to provide more instruction for what is expected on the GI prelabs. On the first one there was deduction of points on things not included in the question. I wish there was more context to what was needed in order to obtain full marks. Otherwise, he was a great TA and the lab was engaging and interesting."
4/5/2023 15:56,4/5/2023 16:33,IP Address,128.189.196.214,20,2199,FALSE,4/12/2023 16:33,R_xbfQh6i9fY6YHU5,,,,,,,anonymous,EN,L15 (Wednesday PM),,,,,,,,,,,not even technically my TA but she did TA for us when my TA was away in the beginning. good attitude and was very welcoming even despite my absence. also provided good advice when i asked her for tips on getting research opportunities in chemistry after class. overall a very nice person
